<ForceField version="0.0.1" name="CHARMM TIP3P water" >
 <AtomTypes>
   <Type name="OT" class="OT" element="O" mass="15.99940" def="[O;X2](H)(H)" desc="O in CHARMM_TIP3P " doi="" />
   <Type name="HT" class="HT" element="H" mass="1.00800" def="[H;X1][O;X2](H)" desc="H in CHARMM_TIP3P" doi="" />
 </AtomTypes>
 <HarmonicBondForce>
   <Bond class1="OT" class2="HT" length="0.09572" k="376560"/>
 </HarmonicBondForce>
 <HarmonicAngleForce>
   <Angle class1="HT" class2="OT" class3="HT" angle="1.82421813418447" k="460.24"/>
 </HarmonicAngleForce>
 <NonbondedForce coulomb14scale="0.5" lj14scale="0.5">
   <!-- https://github.com/gromacs/gromacs/blob/master/share/top/oplsaa.ff/spce.itp -->
  <Atom type="OT" charge="-0.834" sigma="0.31505742268315" epsilon="0.6363864"/>
  <Atom type="HT" charge="0.417" sigma="0.0400013524445012" epsilon="0.192464"/>
 </NonbondedForce>
</ForceField>
